news_risk,weather_risk,oil_risk,final_risk_score
0.2591020733652313,0.4,0.7668666666666667,0.402924370015949
